pokedex_number,name,type1,type2,generation,attack,sp_attack,defense,sp_defense,speed,hp,height_m,weight_kg,percentage_male,is_legendary
1,Bulbasaur,grass,poison,1,49,65,49,65,45,45,0.7,6.9,88.1,0
2,Ivysaur,grass,poison,1,62,80,63,80,60,60,1,13,88.1,0
3,Venusaur,grass,poison,1,100,122,123,120,80,80,2,100,88.1,0
4,Charmander,fire,,1,52,60,43,50,65,39,0.6,8.5,88.1,0
5,Charmeleon,fire,,1,64,80,58,65,80,58,1.1,19,88.1,0
6,Charizard,fire,flying,1,104,159,78,115,100,78,1.7,90.5,88.1,0
7,Squirtle,water,,1,48,50,65,64,43,44,0.5,9,88.1,0
8,Wartortle,water,,1,63,65,80,80,58,59,1,22.5,88.1,0
9,Blastoise,water,,1,103,135,120,115,78,79,1.6,85.5,88.1,0
10,Caterpie,bug,,1,30,20,35,20,45,45,0.3,2.9,50,0
11,Metapod,bug,,1,20,25,55,25,30,50,0.7,9.9,50,0
12,Butterfree,bug,flying,1,45,90,50,80,70,60,1.1,32,50,0
13,Weedle,bug,poison,1,35,20,30,20,50,40,0.3,3.2,50,0
14,Kakuna,bug,poison,1,25,25,50,25,35,45,0.6,10,50,0
15,Beedrill,bug,poison,1,150,15,40,80,145,65,1,29.5,50,0
16,Pidgey,normal,flying,1,45,35,40,35,56,40,0.3,1.8,50,0
17,Pidgeotto,normal,flying,1,60,50,55,50,71,63,1.1,30,50,0
18,Pidgeot,normal,flying,1,80,135,80,80,121,83,1.5,39.5,50,0
19,Rattata,normal,dark,1,56,25,35,35,72,30,,,50,0
20,Raticate,normal,dark,1,71,40,70,80,77,75,,,50,0
21,Spearow,normal,flying,1,60,31,30,31,70,40,0.3,2,50,0
22,Fearow,normal,flying,1,90,61,65,61,100,65,1.2,38,50,0
23,Ekans,poison,,1,60,40,44,54,55,35,2,6.9,50,0
24,Arbok,poison,,1,95,65,69,79,80,60,3.5,65,50,0
25,Pikachu,electric,,1,55,50,40,50,90,35,0.4,6,50,0
26,Raichu,electric,electric,1,85,95,50,85,110,60,,,50,0
27,Sandshrew,ground,ice,1,75,10,90,35,40,50,,,50,0
28,Sandslash,ground,ice,1,100,25,120,65,65,75,,,50,0
29,Nidoran♀,poison,,1,47,40,52,40,41,55,0.4,7,0,0
30,Nidorina,poison,,1,62,55,67,55,56,70,0.8,20,0,0
31,Nidoqueen,poison,ground,1,92,75,87,85,76,90,1.3,60,0,0
32,Nidoran♂,poison,,1,57,40,40,40,50,46,0.5,9,100,0
33,Nidorino,poison,,1,72,55,57,55,65,61,0.9,19.5,100,0
34,Nidoking,poison,ground,1,102,85,77,75,85,81,1.4,62,100,0
35,Clefairy,fairy,,1,45,60,48,65,35,70,0.6,7.5,24.6,0
36,Clefable,fairy,,1,70,95,73,90,60,95,1.3,40,24.6,0
37,Vulpix,fire,ice,1,41,50,40,65,65,38,,,24.6,0
38,Ninetales,fire,ice,1,67,81,75,100,109,73,,,24.6,0
39,Jigglypuff,normal,fairy,1,45,45,20,25,20,115,0.5,5.5,24.6,0
40,Wigglytuff,normal,fairy,1,70,85,45,50,45,140,1,12,24.6,0
41,Zubat,poison,flying,1,45,30,35,40,55,40,0.8,7.5,50,0
42,Golbat,poison,flying,1,80,65,70,75,90,75,1.6,55,50,0
43,Oddish,grass,poison,1,50,75,55,65,30,45,0.5,5.4,50,0
44,Gloom,grass,poison,1,65,85,70,75,40,60,0.8,8.6,50,0
45,Vileplume,grass,poison,1,80,110,85,90,50,75,1.2,18.6,50,0
46,Paras,bug,grass,1,70,45,55,55,25,35,0.3,5.4,50,0
47,Parasect,bug,grass,1,95,60,80,80,30,60,1,29.5,50,0
48,Venonat,bug,poison,1,55,40,50,55,45,60,1,30,50,0
49,Venomoth,bug,poison,1,65,90,60,75,90,70,1.5,12.5,50,0
50,Diglett,ground,ground,1,55,35,30,45,90,10,,,50,0
51,Dugtrio,ground,ground,1,100,50,60,70,110,35,,,50,0
52,Meowth,normal,dark,1,35,50,35,40,90,40,,,50,0
53,Persian,normal,dark,1,60,75,60,65,115,65,,,50,0
54,Psyduck,water,,1,52,65,48,50,55,50,0.8,19.6,50,0
55,Golduck,water,,1,82,95,78,80,85,80,1.7,76.6,50,0
56,Mankey,fighting,,1,80,35,35,45,70,40,0.5,28,50,0
57,Primeape,fighting,,1,105,60,60,70,95,65,1,32,50,0
58,Growlithe,fire,,1,70,70,45,50,60,55,0.7,19,75.4,0
59,Arcanine,fire,,1,110,100,80,80,95,90,1.9,155,75.4,0
60,Poliwag,water,,1,50,40,40,40,90,40,0.6,12.4,50,0
61,Poliwhirl,water,,1,65,50,65,50,90,65,1,20,50,0
62,Poliwrath,water,fighting,1,95,70,95,90,70,90,1.3,54,50,0
63,Abra,psychic,,1,20,105,15,55,90,25,0.9,19.5,75.4,0
64,Kadabra,psychic,,1,35,120,30,70,105,40,1.3,56.5,75.4,0
65,Alakazam,psychic,,1,50,175,65,105,150,55,1.5,48,75.4,0
66,Machop,fighting,,1,80,35,50,35,35,70,0.8,19.5,75.4,0
67,Machoke,fighting,,1,100,50,70,60,45,80,1.5,70.5,75.4,0
68,Machamp,fighting,,1,130,65,80,85,55,90,1.6,130,75.4,0
69,Bellsprout,grass,poison,1,75,70,35,30,40,50,0.7,4,50,0
70,Weepinbell,grass,poison,1,90,85,50,45,55,65,1,6.4,50,0
71,Victreebel,grass,poison,1,105,100,65,70,70,80,1.7,15.5,50,0
72,Tentacool,water,poison,1,40,50,35,100,70,40,0.9,45.5,50,0
73,Tentacruel,water,poison,1,70,80,65,120,100,80,1.6,55,50,0
74,Geodude,rock,ground,1,80,30,100,30,20,40,,,50,0
75,Graveler,rock,ground,1,95,45,115,45,35,55,,,50,0
76,Golem,rock,ground,1,120,55,130,65,45,80,,,50,0
77,Ponyta,fire,,1,85,65,55,65,90,50,1,30,50,0
78,Rapidash,fire,,1,100,80,70,80,105,65,1.7,95,50,0
79,Slowpoke,water,psychic,1,65,40,65,40,15,90,1.2,36,50,0
80,Slowbro,water,psychic,1,75,130,180,80,30,95,1.6,78.5,50,0
81,Magnemite,electric,steel,1,35,95,70,55,45,25,0.3,6,,0
82,Magneton,electric,steel,1,60,120,95,70,70,50,1,60,,0
83,Farfetch'd,normal,flying,1,90,58,55,62,60,52,0.8,15,50,0
84,Doduo,normal,flying,1,85,35,45,35,75,35,1.4,39.2,50,0
85,Dodrio,normal,flying,1,110,60,70,60,110,60,1.8,85.2,50,0
86,Seel,water,,1,45,45,55,70,45,65,1.1,90,50,0
87,Dewgong,water,ice,1,70,70,80,95,70,90,1.7,120,50,0
88,Grimer,poison,poison,1,80,40,50,50,25,80,,,50,0
89,Muk,poison,poison,1,105,65,75,100,50,105,,,50,0
90,Shellder,water,,1,65,45,100,25,40,30,0.3,4,50,0
91,Cloyster,water,ice,1,95,85,180,45,70,50,1.5,132.5,50,0
92,Gastly,ghost,poison,1,35,100,30,35,80,30,1.3,0.1,50,0
93,Haunter,ghost,poison,1,50,115,45,55,95,45,1.6,0.1,50,0
94,Gengar,ghost,poison,1,65,170,80,95,130,60,1.5,40.5,50,0
95,Onix,rock,ground,1,45,30,160,45,70,35,8.8,210,50,0
96,Drowzee,psychic,,1,48,43,45,90,42,60,1,32.4,50,0
97,Hypno,psychic,,1,73,73,70,115,67,85,1.6,75.6,50,0
98,Krabby,water,,1,105,25,90,25,50,30,0.4,6.5,50,0
99,Kingler,water,,1,130,50,115,50,75,55,1.3,60,50,0
100,Voltorb,electric,,1,30,55,50,55,100,40,0.5,10.4,,0
101,Electrode,electric,,1,50,80,70,80,150,60,1.2,66.6,,0
102,Exeggcute,grass,psychic,1,40,60,80,45,40,60,0.4,2.5,50,0
103,Exeggutor,grass,psychic,1,105,125,85,75,45,95,,,50,0
104,Cubone,ground,,1,50,40,95,50,35,50,0.4,6.5,50,0
105,Marowak,ground,fire,1,80,50,110,80,45,60,,,50,0
106,Hitmonlee,fighting,,1,120,35,53,110,87,50,1.5,49.8,100,0
107,Hitmonchan,fighting,,1,105,35,79,110,76,50,1.4,50.2,100,0
108,Lickitung,normal,,1,55,60,75,75,30,90,1.2,65.5,50,0
109,Koffing,poison,,1,65,60,95,45,35,40,0.6,1,50,0
110,Weezing,poison,,1,90,85,120,70,60,65,1.2,9.5,50,0
111,Rhyhorn,ground,rock,1,85,30,95,30,25,80,1,115,50,0
112,Rhydon,ground,rock,1,130,45,120,45,40,105,1.9,120,50,0
113,Chansey,normal,,1,5,35,5,105,50,250,1.1,34.6,0,0
114,Tangela,grass,,1,55,100,115,40,60,65,1,35,50,0
115,Kangaskhan,normal,,1,125,60,100,100,100,105,2.2,80,0,0
116,Horsea,water,,1,40,70,70,25,60,30,0.4,8,50,0
117,Seadra,water,,1,65,95,95,45,85,55,1.2,25,50,0
118,Goldeen,water,,1,67,35,60,50,63,45,0.6,15,50,0
119,Seaking,water,,1,92,65,65,80,68,80,1.3,39,50,0
120,Staryu,water,,1,45,70,55,55,85,30,0.8,34.5,,0
121,Starmie,water,psychic,1,75,100,85,85,115,60,1.1,80,,0
122,Mr. Mime,psychic,fairy,1,45,100,65,120,90,40,1.3,54.5,50,0
123,Scyther,bug,flying,1,110,55,80,80,105,70,1.5,56,50,0
124,Jynx,ice,psychic,1,50,115,35,95,95,65,1.4,40.6,0,0
125,Electabuzz,electric,,1,83,95,57,85,105,65,1.1,30,75.4,0
126,Magmar,fire,,1,95,100,57,85,93,65,1.3,44.5,75.4,0
127,Pinsir,bug,,1,155,65,120,90,105,65,1.5,55,50,0
128,Tauros,normal,,1,100,40,95,70,110,75,1.4,88.4,100,0
129,Magikarp,water,,1,10,15,55,20,80,20,0.9,10,50,0
130,Gyarados,water,flying,1,155,70,109,130,81,95,6.5,235,50,0
131,Lapras,water,ice,1,85,85,80,95,60,130,2.5,220,50,0
132,Ditto,normal,,1,48,48,48,48,48,48,0.3,4,,0
133,Eevee,normal,,1,55,45,50,65,55,55,0.3,6.5,88.1,0
134,Vaporeon,water,,1,65,110,60,95,65,130,1,29,88.1,0
135,Jolteon,electric,,1,65,110,60,95,130,65,0.8,24.5,88.1,0
136,Flareon,fire,,1,130,95,60,110,65,65,0.9,25,88.1,0
137,Porygon,normal,,1,60,85,70,75,40,65,0.8,36.5,,0
138,Omanyte,rock,water,1,40,90,100,55,35,35,0.4,7.5,88.1,0
139,Omastar,rock,water,1,60,115,125,70,55,70,1,35,88.1,0
140,Kabuto,rock,water,1,80,55,90,45,55,30,0.5,11.5,88.1,0
141,Kabutops,rock,water,1,115,65,105,70,80,60,1.3,40.5,88.1,0
142,Aerodactyl,rock,flying,1,135,70,85,95,150,80,1.8,59,88.1,0
143,Snorlax,normal,,1,110,65,65,110,30,160,2.1,460,88.1,0
144,Articuno,ice,flying,1,85,95,100,125,85,90,1.7,55.4,,1
145,Zapdos,electric,flying,1,90,125,85,90,100,90,1.6,52.6,,1
146,Moltres,fire,flying,1,100,125,90,85,90,90,2,60,,1
147,Dratini,dragon,,1,64,50,45,50,50,41,1.8,3.3,50,0
148,Dragonair,dragon,,1,84,70,65,70,70,61,4,16.5,50,0
149,Dragonite,dragon,flying,1,134,100,95,100,80,91,2.2,210,50,0
150,Mewtwo,psychic,,1,150,194,70,120,140,106,2,122,,1
151,Mew,psychic,,1,100,100,100,100,100,100,0.4,4,,1
152,Chikorita,grass,,2,49,49,65,65,45,45,0.9,6.4,88.1,0
153,Bayleef,grass,,2,62,63,80,80,60,60,1.2,15.8,88.1,0
154,Meganium,grass,,2,82,83,100,100,80,80,1.8,100.5,88.1,0
155,Cyndaquil,fire,,2,52,60,43,50,65,39,0.5,7.9,88.1,0
156,Quilava,fire,,2,64,80,58,65,80,58,0.9,19,88.1,0
157,Typhlosion,fire,,2,84,109,78,85,100,78,1.7,79.5,88.1,0
158,Totodile,water,,2,65,44,64,48,43,50,0.6,9.5,88.1,0
159,Croconaw,water,,2,80,59,80,63,58,65,1.1,25,88.1,0
160,Feraligatr,water,,2,105,79,100,83,78,85,2.3,88.8,88.1,0
161,Sentret,normal,,2,46,35,34,45,20,35,0.8,6,50,0
162,Furret,normal,,2,76,45,64,55,90,85,1.8,32.5,50,0
163,Hoothoot,normal,flying,2,30,36,30,56,50,60,0.7,21.2,50,0
164,Noctowl,normal,flying,2,50,86,50,96,70,100,1.6,40.8,50,0
165,Ledyba,bug,flying,2,20,40,30,80,55,40,1,10.8,50,0
166,Ledian,bug,flying,2,35,55,50,110,85,55,1.4,35.6,50,0
167,Spinarak,bug,poison,2,60,40,40,40,30,40,0.5,8.5,50,0
168,Ariados,bug,poison,2,90,60,70,70,40,70,1.1,33.5,50,0
169,Crobat,poison,flying,2,90,70,80,80,130,85,1.8,75,50,0
170,Chinchou,water,electric,2,38,56,38,56,67,75,0.5,12,50,0
171,Lanturn,water,electric,2,58,76,58,76,67,125,1.2,22.5,50,0
172,Pichu,electric,,2,40,35,15,35,60,20,0.3,2,50,0
173,Cleffa,fairy,,2,25,45,28,55,15,50,0.3,3,24.6,0
174,Igglybuff,normal,fairy,2,30,40,15,20,15,90,0.3,1,24.6,0
175,Togepi,fairy,,2,20,40,65,65,20,35,0.3,1.5,88.1,0
176,Togetic,fairy,flying,2,40,80,85,105,40,55,0.6,3.2,88.1,0
177,Natu,psychic,flying,2,50,70,45,45,70,40,0.2,2,50,0
178,Xatu,psychic,flying,2,75,95,70,70,95,65,1.5,15,50,0
179,Mareep,electric,,2,40,65,40,45,35,55,0.6,7.8,50,0
180,Flaaffy,electric,,2,55,80,55,60,45,70,0.8,13.3,50,0
181,Ampharos,electric,,2,95,165,105,110,45,90,1.4,61.5,50,0
182,Bellossom,grass,,2,80,90,95,100,50,75,0.4,5.8,50,0
183,Marill,water,fairy,2,20,20,50,50,40,70,0.4,8.5,50,0
184,Azumarill,water,fairy,2,50,60,80,80,50,100,0.8,28.5,50,0
185,Sudowoodo,rock,,2,100,30,115,65,30,70,1.2,38,50,0
186,Politoed,water,,2,75,90,75,100,70,90,1.1,33.9,50,0
187,Hoppip,grass,flying,2,35,35,40,55,50,35,0.4,0.5,50,0
188,Skiploom,grass,flying,2,45,45,50,65,80,55,0.6,1,50,0
189,Jumpluff,grass,flying,2,55,55,70,95,110,75,0.8,3,50,0
190,Aipom,normal,,2,70,40,55,55,85,55,0.8,11.5,50,0
191,Sunkern,grass,,2,30,30,30,30,30,30,0.3,1.8,50,0
192,Sunflora,grass,,2,75,105,55,85,30,75,0.8,8.5,50,0
193,Yanma,bug,flying,2,65,75,45,45,95,65,1.2,38,50,0
194,Wooper,water,ground,2,45,25,45,25,15,55,0.4,8.5,50,0
195,Quagsire,water,ground,2,85,65,85,65,35,95,1.4,75,50,0
196,Espeon,psychic,,2,65,130,60,95,110,65,0.9,26.5,88.1,0
197,Umbreon,dark,,2,65,60,110,130,65,95,1,27,88.1,0
198,Murkrow,dark,flying,2,85,85,42,42,91,60,0.5,2.1,50,0
199,Slowking,water,psychic,2,75,100,80,110,30,95,2,79.5,50,0
200,Misdreavus,ghost,,2,60,85,60,85,85,60,0.7,1,50,0
201,Unown,psychic,,2,72,72,48,48,48,48,0.5,5,,0
202,Wobbuffet,psychic,,2,33,33,58,58,33,190,1.3,28.5,50,0
203,Girafarig,normal,psychic,2,80,90,65,65,85,70,1.5,41.5,50,0
204,Pineco,bug,,2,65,35,90,35,15,50,0.6,7.2,50,0
205,Forretress,bug,steel,2,90,60,140,60,40,75,1.2,125.8,50,0
206,Dunsparce,normal,,2,70,65,70,65,45,100,1.5,14,50,0
207,Gligar,ground,flying,2,75,35,105,65,85,65,1.1,64.8,50,0
208,Steelix,steel,ground,2,125,55,230,95,30,75,9.2,400,50,0
209,Snubbull,fairy,,2,80,40,50,40,30,60,0.6,7.8,24.6,0
210,Granbull,fairy,,2,120,60,75,60,45,90,1.4,48.7,24.6,0
211,Qwilfish,water,poison,2,95,55,85,55,85,65,0.5,3.9,50,0
212,Scizor,bug,steel,2,150,65,140,100,75,70,1.8,118,50,0
213,Shuckle,bug,rock,2,10,10,230,230,5,20,0.6,20.5,50,0
214,Heracross,bug,fighting,2,185,40,115,105,75,80,1.5,54,50,0
215,Sneasel,dark,ice,2,95,35,55,75,115,55,0.9,28,50,0
216,Teddiursa,normal,,2,80,50,50,50,40,60,0.6,8.8,50,0
217,Ursaring,normal,,2,130,75,75,75,55,90,1.8,125.8,50,0
218,Slugma,fire,,2,40,70,40,40,20,40,0.7,35,50,0
219,Magcargo,fire,rock,2,50,90,120,80,30,60,0.8,55,50,0
220,Swinub,ice,ground,2,50,30,40,30,50,50,0.4,6.5,50,0
221,Piloswine,ice,ground,2,100,60,80,60,50,100,1.1,55.8,50,0
222,Corsola,water,rock,2,55,65,95,95,35,65,0.6,5,24.6,0
223,Remoraid,water,,2,65,65,35,35,65,35,0.6,12,50,0
224,Octillery,water,,2,105,105,75,75,45,75,0.9,28.5,50,0
225,Delibird,ice,flying,2,55,65,45,45,75,45,0.9,16,50,0
226,Mantine,water,flying,2,40,80,70,140,70,85,2.1,220,50,0
227,Skarmory,steel,flying,2,80,40,140,70,70,65,1.7,50.5,50,0
228,Houndour,dark,fire,2,60,80,30,50,65,45,0.6,10.8,50,0
229,Houndoom,dark,fire,2,90,140,90,90,115,75,1.4,35,50,0
230,Kingdra,water,dragon,2,95,95,95,95,85,75,1.8,152,50,0
231,Phanpy,ground,,2,60,40,60,40,40,90,0.5,33.5,50,0
232,Donphan,ground,,2,120,60,120,60,50,90,1.1,120,50,0
233,Porygon2,normal,,2,80,105,90,95,60,85,0.6,32.5,,0
234,Stantler,normal,,2,95,85,62,65,85,73,1.4,71.2,50,0
235,Smeargle,normal,,2,20,20,35,45,75,55,1.2,58,50,0
236,Tyrogue,fighting,,2,35,35,35,35,35,35,0.7,21,100,0
237,Hitmontop,fighting,,2,95,35,95,110,70,50,1.4,48,100,0
238,Smoochum,ice,psychic,2,30,85,15,65,65,45,0.4,6,0,0
239,Elekid,electric,,2,63,65,37,55,95,45,0.6,23.5,75.4,0
240,Magby,fire,,2,75,70,37,55,83,45,0.7,21.4,75.4,0
241,Miltank,normal,,2,80,40,105,70,100,95,1.2,75.5,0,0
242,Blissey,normal,,2,10,75,10,135,55,255,1.5,46.8,0,0
243,Raikou,electric,,2,85,115,75,100,115,90,1.9,178,,1
244,Entei,fire,,2,115,90,85,75,100,115,2.1,198,,1
245,Suicune,water,,2,75,90,115,115,85,100,2,187,,1
246,Larvitar,rock,ground,2,64,45,50,50,41,50,0.6,72,50,0
247,Pupitar,rock,ground,2,84,65,70,70,51,70,1.2,152,50,0
248,Tyranitar,rock,dark,2,164,95,150,120,71,100,2,202,50,0
249,Lugia,psychic,flying,2,90,90,130,154,110,106,5.2,216,,1
250,Ho-Oh,fire,flying,2,130,110,90,154,90,106,3.8,199,,1
251,Celebi,psychic,grass,2,100,100,100,100,100,100,0.6,5,,1
252,Treecko,grass,,3,45,65,35,55,70,40,0.5,5,88.1,0
253,Grovyle,grass,,3,65,85,45,65,95,50,0.9,21.6,88.1,0
254,Sceptile,grass,,3,110,145,75,85,145,70,1.7,52.2,88.1,0
255,Torchic,fire,,3,60,70,40,50,45,45,0.4,2.5,88.1,0
256,Combusken,fire,fighting,3,85,85,60,60,55,60,0.9,19.5,88.1,0
257,Blaziken,fire,fighting,3,160,130,80,80,100,80,1.9,52,88.1,0
258,Mudkip,water,,3,70,50,50,50,40,50,0.4,7.6,88.1,0
259,Marshtomp,water,ground,3,85,60,70,70,50,70,0.7,28,88.1,0
260,Swampert,water,ground,3,150,95,110,110,70,100,1.5,81.9,88.1,0
261,Poochyena,dark,,3,55,30,35,30,35,35,0.5,13.6,50,0
262,Mightyena,dark,,3,90,60,70,60,70,70,1,37,50,0
263,Zigzagoon,normal,,3,30,30,41,41,60,38,0.4,17.5,50,0
264,Linoone,normal,,3,70,50,61,61,100,78,0.5,32.5,50,0
265,Wurmple,bug,,3,45,20,35,30,20,45,0.3,3.6,50,0
266,Silcoon,bug,,3,35,25,55,25,15,50,0.6,10,50,0
267,Beautifly,bug,flying,3,70,100,50,50,65,60,1,28.4,50,0
268,Cascoon,bug,,3,35,25,55,25,15,50,0.7,11.5,50,0
269,Dustox,bug,poison,3,50,50,70,90,65,60,1.2,31.6,50,0
270,Lotad,water,grass,3,30,40,30,50,30,40,0.5,2.6,50,0
271,Lombre,water,grass,3,50,60,50,70,50,60,1.2,32.5,50,0
272,Ludicolo,water,grass,3,70,90,70,100,70,80,1.5,55,50,0
273,Seedot,grass,,3,40,30,50,30,30,40,0.5,4,50,0
274,Nuzleaf,grass,dark,3,70,60,40,40,60,70,1,28,50,0
275,Shiftry,grass,dark,3,100,90,60,60,80,90,1.3,59.6,50,0
276,Taillow,normal,flying,3,55,30,30,30,85,40,0.3,2.3,50,0
277,Swellow,normal,flying,3,85,75,60,50,125,60,0.7,19.8,50,0
278,Wingull,water,flying,3,30,55,30,30,85,40,0.6,9.5,50,0
279,Pelipper,water,flying,3,50,95,100,70,65,60,1.2,28,50,0
280,Ralts,psychic,fairy,3,25,45,25,35,40,28,0.4,6.6,50,0
281,Kirlia,psychic,fairy,3,35,65,35,55,50,38,0.8,20.2,50,0
282,Gardevoir,psychic,fairy,3,85,165,65,135,100,68,1.6,48.4,50,0
283,Surskit,bug,water,3,30,50,32,52,65,40,0.5,1.7,50,0
284,Masquerain,bug,flying,3,60,100,62,82,80,70,0.8,3.6,50,0
285,Shroomish,grass,,3,40,40,60,60,35,60,0.4,4.5,50,0
286,Breloom,grass,fighting,3,130,60,80,60,70,60,1.2,39.2,50,0
287,Slakoth,normal,,3,60,35,60,35,30,60,0.8,24,50,0
288,Vigoroth,normal,,3,80,55,80,55,90,80,1.4,46.5,50,0
289,Slaking,normal,,3,160,95,100,65,100,150,2,130.5,50,0
290,Nincada,bug,ground,3,45,30,90,30,40,31,0.5,5.5,50,0
291,Ninjask,bug,flying,3,90,50,45,50,160,61,0.8,12,50,0
292,Shedinja,bug,ghost,3,90,30,45,30,40,1,0.8,1.2,,0
293,Whismur,normal,,3,51,51,23,23,28,64,0.6,16.3,50,0
294,Loudred,normal,,3,71,71,43,43,48,84,1,40.5,50,0
295,Exploud,normal,,3,91,91,63,73,68,104,1.5,84,50,0
296,Makuhita,fighting,,3,60,20,30,30,25,72,1,86.4,75.4,0
297,Hariyama,fighting,,3,120,40,60,60,50,144,2.3,253.8,75.4,0
298,Azurill,normal,fairy,3,20,20,40,40,20,50,0.2,2,24.6,0
299,Nosepass,rock,,3,45,45,135,90,30,30,1,97,50,0
300,Skitty,normal,,3,45,35,45,35,50,50,0.6,11,24.6,0
301,Delcatty,normal,,3,65,55,65,55,90,70,1.1,32.6,24.6,0
302,Sableye,dark,ghost,3,85,85,125,115,20,50,0.5,11,50,0
303,Mawile,steel,fairy,3,105,55,125,95,50,50,0.6,11.5,50,0
304,Aron,steel,rock,3,70,40,100,40,30,50,0.4,60,50,0
305,Lairon,steel,rock,3,90,50,140,50,40,60,0.9,120,50,0
306,Aggron,steel,rock,3,140,60,230,80,50,70,2.1,360,50,0
307,Meditite,fighting,psychic,3,40,40,55,55,60,30,0.6,11.2,50,0
308,Medicham,fighting,psychic,3,100,80,85,85,100,60,1.3,31.5,50,0
309,Electrike,electric,,3,45,65,40,40,65,40,0.6,15.2,50,0
310,Manectric,electric,,3,75,135,80,80,135,70,1.5,40.2,50,0
311,Plusle,electric,,3,50,85,40,75,95,60,0.4,4.2,50,0
312,Minun,electric,,3,40,75,50,85,95,60,0.4,4.2,50,0
313,Volbeat,bug,,3,73,47,75,85,85,65,0.7,17.7,100,0
314,Illumise,bug,,3,47,73,75,85,85,65,0.6,17.7,0,0
315,Roselia,grass,poison,3,60,100,45,80,65,50,0.3,2,50,0
316,Gulpin,poison,,3,43,43,53,53,40,70,0.4,10.3,50,0
317,Swalot,poison,,3,73,73,83,83,55,100,1.7,80,50,0
318,Carvanha,water,dark,3,90,65,20,20,65,45,0.8,20.8,50,0
319,Sharpedo,water,dark,3,140,110,70,65,105,70,1.8,88.8,50,0
320,Wailmer,water,,3,70,70,35,35,60,130,2,130,50,0
321,Wailord,water,,3,90,90,45,45,60,170,14.5,398,50,0
322,Numel,fire,ground,3,60,65,40,45,35,60,0.7,24,50,0
323,Camerupt,fire,ground,3,120,145,100,105,20,70,1.9,220,50,0
324,Torkoal,fire,,3,85,85,140,70,20,70,0.5,80.4,50,0
325,Spoink,psychic,,3,25,70,35,80,60,60,0.7,30.6,50,0
326,Grumpig,psychic,,3,45,90,65,110,80,80,0.9,71.5,50,0
327,Spinda,normal,,3,60,60,60,60,60,60,1.1,5,50,0
328,Trapinch,ground,,3,100,45,45,45,10,45,0.7,15,50,0
329,Vibrava,ground,dragon,3,70,50,50,50,70,50,1.1,15.3,50,0
330,Flygon,ground,dragon,3,100,80,80,80,100,80,2,82,50,0
331,Cacnea,grass,,3,85,85,40,40,35,50,0.4,51.3,50,0
332,Cacturne,grass,dark,3,115,115,60,60,55,70,1.3,77.4,50,0
333,Swablu,normal,flying,3,40,40,60,75,50,45,0.4,1.2,50,0
334,Altaria,dragon,flying,3,110,110,110,105,80,75,1.1,20.6,50,0
335,Zangoose,normal,,3,115,60,60,60,90,73,1.3,40.3,50,0
336,Seviper,poison,,3,100,100,60,60,65,73,2.7,52.5,50,0
337,Lunatone,rock,psychic,3,55,95,65,85,70,90,1,168,,0
338,Solrock,rock,psychic,3,95,55,85,65,70,90,1.2,154,,0
339,Barboach,water,ground,3,48,46,43,41,60,50,0.4,1.9,50,0
340,Whiscash,water,ground,3,78,76,73,71,60,110,0.9,23.6,50,0
341,Corphish,water,,3,80,50,65,35,35,43,0.6,11.5,50,0
342,Crawdaunt,water,dark,3,120,90,85,55,55,63,1.1,32.8,50,0
343,Baltoy,ground,psychic,3,40,40,55,70,55,40,0.5,21.5,,0
344,Claydol,ground,psychic,3,70,70,105,120,75,60,1.5,108,,0
345,Lileep,rock,grass,3,41,61,77,87,23,66,1,23.8,88.1,0
346,Cradily,rock,grass,3,81,81,97,107,43,86,1.5,60.4,88.1,0
347,Anorith,rock,bug,3,95,40,50,50,75,45,0.7,12.5,88.1,0
348,Armaldo,rock,bug,3,125,70,100,80,45,75,1.5,68.2,88.1,0
349,Feebas,water,,3,15,10,20,55,80,20,0.6,7.4,50,0
350,Milotic,water,,3,60,100,79,125,81,95,6.2,162,50,0
351,Castform,normal,,3,70,70,70,70,70,70,0.3,0.8,50,0
352,Kecleon,normal,,3,90,60,70,120,40,60,1,22,50,0
353,Shuppet,ghost,,3,75,63,35,33,45,44,0.6,2.3,50,0
354,Banette,ghost,,3,165,93,75,83,75,64,1.1,12.5,50,0
355,Duskull,ghost,,3,40,30,90,90,25,20,0.8,15,50,0
356,Dusclops,ghost,,3,70,60,130,130,25,40,1.6,30.6,50,0
357,Tropius,grass,flying,3,68,72,83,87,51,99,2,100,50,0
358,Chimecho,psychic,,3,50,95,80,90,65,75,0.6,1,50,0
359,Absol,dark,,3,150,115,60,60,115,65,1.2,47,50,0
360,Wynaut,psychic,,3,23,23,48,48,23,95,0.6,14,50,0
361,Snorunt,ice,,3,50,50,50,50,50,50,0.7,16.8,50,0
362,Glalie,ice,,3,120,120,80,80,100,80,1.5,256.5,50,0
363,Spheal,ice,water,3,40,55,50,50,25,70,0.8,39.5,50,0
364,Sealeo,ice,water,3,60,75,70,70,45,90,1.1,87.6,50,0
365,Walrein,ice,water,3,80,95,90,90,65,110,1.4,150.6,50,0
366,Clamperl,water,,3,64,74,85,55,32,35,0.4,52.5,50,0
367,Huntail,water,,3,104,94,105,75,52,55,1.7,27,50,0
368,Gorebyss,water,,3,84,114,105,75,52,55,1.8,22.6,50,0
369,Relicanth,water,rock,3,90,45,130,65,55,100,1,23.4,88.1,0
370,Luvdisc,water,,3,30,40,55,65,97,43,0.6,8.7,24.6,0
371,Bagon,dragon,,3,75,40,60,30,50,45,0.6,42.1,50,0
372,Shelgon,dragon,,3,95,60,100,50,50,65,1.1,110.5,50,0
373,Salamence,dragon,flying,3,145,120,130,90,120,95,1.5,102.6,50,0
374,Beldum,steel,psychic,3,55,35,80,60,30,40,0.6,95.2,,0
375,Metang,steel,psychic,3,75,55,100,80,50,60,1.2,202.5,,0
376,Metagross,steel,psychic,3,145,105,150,110,110,80,1.6,550,,0
377,Regirock,rock,,3,100,50,200,100,50,80,1.7,230,,1
378,Regice,ice,,3,50,100,100,200,50,80,1.8,175,,1
379,Registeel,steel,,3,75,75,150,150,50,80,1.9,205,,1
380,Latias,dragon,psychic,3,100,140,120,150,110,80,1.4,40,0,1
381,Latios,dragon,psychic,3,130,160,100,120,110,80,2,60,100,1
382,Kyogre,water,,3,150,180,90,160,90,100,4.5,352,,1
383,Groudon,ground,,3,180,150,160,90,90,100,3.5,950,,1
384,Rayquaza,dragon,flying,3,180,180,100,100,115,105,7,206.5,,1
385,Jirachi,steel,psychic,3,100,100,100,100,100,100,0.3,1.1,,1
386,Deoxys,psychic,,3,95,95,90,90,180,50,1.7,60.8,,1
387,Turtwig,grass,,4,68,45,64,55,31,55,0.4,10.2,88.1,0
388,Grotle,grass,,4,89,55,85,65,36,75,1.1,97,88.1,0
389,Torterra,grass,ground,4,109,75,105,85,56,95,2.2,310,88.1,0
390,Chimchar,fire,,4,58,58,44,44,61,44,0.5,6.2,88.1,0
391,Monferno,fire,fighting,4,78,78,52,52,81,64,0.9,22,88.1,0
392,Infernape,fire,fighting,4,104,104,71,71,108,76,1.2,55,88.1,0
393,Piplup,water,,4,51,61,53,56,40,53,0.4,5.2,88.1,0
394,Prinplup,water,,4,66,81,68,76,50,64,0.8,23,88.1,0
395,Empoleon,water,steel,4,86,111,88,101,60,84,1.7,84.5,88.1,0
396,Starly,normal,flying,4,55,30,30,30,60,40,0.3,2,50,0
397,Staravia,normal,flying,4,75,40,50,40,80,55,0.6,15.5,50,0
398,Staraptor,normal,flying,4,120,50,70,60,100,85,1.2,24.9,50,0
399,Bidoof,normal,,4,45,35,40,40,31,59,0.5,20,50,0
400,Bibarel,normal,water,4,85,55,60,60,71,79,1,31.5,50,0
401,Kricketot,bug,,4,25,25,41,41,25,37,0.3,2.2,50,0
402,Kricketune,bug,,4,85,55,51,51,65,77,1,25.5,50,0
403,Shinx,electric,,4,65,40,34,34,45,45,0.5,9.5,50,0
404,Luxio,electric,,4,85,60,49,49,60,60,0.9,30.5,50,0
405,Luxray,electric,,4,120,95,79,79,70,80,1.4,42,50,0
406,Budew,grass,poison,4,30,50,35,70,55,40,0.2,1.2,50,0
407,Roserade,grass,poison,4,70,125,65,105,90,60,0.9,14.5,50,0
408,Cranidos,rock,,4,125,30,40,30,58,67,0.9,31.5,88.1,0
409,Rampardos,rock,,4,165,65,60,50,58,97,1.6,102.5,88.1,0
410,Shieldon,rock,steel,4,42,42,118,88,30,30,0.5,57,88.1,0
411,Bastiodon,rock,steel,4,52,47,168,138,30,60,1.3,149.5,88.1,0
412,Burmy,bug,,4,29,29,45,45,36,40,0.2,3.4,50,0
413,Wormadam,bug,grass,4,69,69,95,95,36,60,0.5,6.5,0,0
414,Mothim,bug,flying,4,94,94,50,50,66,70,0.9,23.3,100,0
415,Combee,bug,flying,4,30,30,42,42,70,30,0.3,5.5,88.1,0
416,Vespiquen,bug,flying,4,80,80,102,102,40,70,1.2,38.5,0,0
417,Pachirisu,electric,,4,45,45,70,90,95,60,0.4,3.9,50,0
418,Buizel,water,,4,65,60,35,30,85,55,0.7,29.5,50,0
419,Floatzel,water,,4,105,85,55,50,115,85,1.1,33.5,50,0
420,Cherubi,grass,,4,35,62,45,53,35,45,0.4,3.3,50,0
421,Cherrim,grass,,4,60,87,70,78,85,70,0.5,9.3,50,0
422,Shellos,water,,4,48,57,48,62,34,76,0.3,6.3,50,0
423,Gastrodon,water,ground,4,83,92,68,82,39,111,0.9,29.9,50,0
424,Ambipom,normal,,4,100,60,66,66,115,75,1.2,20.3,50,0
425,Drifloon,ghost,flying,4,50,60,34,44,70,90,0.4,1.2,50,0
426,Drifblim,ghost,flying,4,80,90,44,54,80,150,1.2,15,50,0
427,Buneary,normal,,4,66,44,44,56,85,55,0.4,5.5,50,0
428,Lopunny,normal,,4,136,54,94,96,135,65,1.2,33.3,50,0
429,Mismagius,ghost,,4,60,105,60,105,105,60,0.9,4.4,50,0
430,Honchkrow,dark,flying,4,125,105,52,52,71,100,0.9,27.3,50,0
431,Glameow,normal,,4,55,42,42,37,85,49,0.5,3.9,24.6,0
432,Purugly,normal,,4,82,64,64,59,112,71,1,43.8,24.6,0
433,Chingling,psychic,,4,30,65,50,50,45,45,0.2,0.6,50,0
434,Stunky,poison,dark,4,63,41,47,41,74,63,0.4,19.2,50,0
435,Skuntank,poison,dark,4,93,71,67,61,84,103,1,38,50,0
436,Bronzor,steel,psychic,4,24,24,86,86,23,57,0.5,60.5,,0
437,Bronzong,steel,psychic,4,89,79,116,116,33,67,1.3,187,,0
438,Bonsly,rock,,4,80,10,95,45,10,50,0.5,15,50,0
439,Mime Jr.,psychic,fairy,4,25,70,45,90,60,20,0.6,13,50,0
440,Happiny,normal,,4,5,15,5,65,30,100,0.6,24.4,0,0
441,Chatot,normal,flying,4,65,92,45,42,91,76,0.5,1.9,50,0
442,Spiritomb,ghost,dark,4,92,92,108,108,35,50,1,108,50,0
443,Gible,dragon,ground,4,70,40,45,45,42,58,0.7,20.5,50,0
444,Gabite,dragon,ground,4,90,50,65,55,82,68,1.4,56,50,0
445,Garchomp,dragon,ground,4,170,120,115,95,92,108,1.9,95,50,0
446,Munchlax,normal,,4,85,40,40,85,5,135,0.6,105,88.1,0
447,Riolu,fighting,,4,70,35,40,40,60,40,0.7,20.2,88.1,0
448,Lucario,fighting,steel,4,145,140,88,70,112,70,1.2,54,88.1,0
449,Hippopotas,ground,,4,72,38,78,42,32,68,0.8,49.5,50,0
450,Hippowdon,ground,,4,112,68,118,72,47,108,2,300,50,0
451,Skorupi,poison,bug,4,50,30,90,55,65,40,0.8,12,50,0
452,Drapion,poison,dark,4,90,60,110,75,95,70,1.3,61.5,50,0
453,Croagunk,poison,fighting,4,61,61,40,40,50,48,0.7,23,50,0
454,Toxicroak,poison,fighting,4,106,86,65,65,85,83,1.3,44.4,50,0
455,Carnivine,grass,,4,100,90,72,72,46,74,1.4,27,50,0
456,Finneon,water,,4,49,49,56,61,66,49,0.4,7,50,0
457,Lumineon,water,,4,69,69,76,86,91,69,1.2,24,50,0
458,Mantyke,water,flying,4,20,60,50,120,50,45,1,65,50,0
459,Snover,grass,ice,4,62,62,50,60,40,60,1,50.5,50,0
460,Abomasnow,grass,ice,4,132,132,105,105,30,90,2.2,135.5,50,0
461,Weavile,dark,ice,4,120,45,65,85,125,70,1.1,34,50,0
462,Magnezone,electric,steel,4,70,130,115,90,60,70,1.2,180,,0
463,Lickilicky,normal,,4,85,80,95,95,50,110,1.7,140,50,0
464,Rhyperior,ground,rock,4,140,55,130,55,40,115,2.4,282.8,50,0
465,Tangrowth,grass,,4,100,110,125,50,50,100,2,128.6,50,0
466,Electivire,electric,,4,123,95,67,85,95,75,1.8,138.6,75.4,0
467,Magmortar,fire,,4,95,125,67,95,83,75,1.6,68,75.4,0
468,Togekiss,fairy,flying,4,50,120,95,115,80,85,1.5,38,88.1,0
469,Yanmega,bug,flying,4,76,116,86,56,95,86,1.9,51.5,50,0
470,Leafeon,grass,,4,110,60,130,65,95,65,1,25.5,88.1,0
471,Glaceon,ice,,4,60,130,110,95,65,65,0.8,25.9,88.1,0
472,Gliscor,ground,flying,4,95,45,125,75,95,75,2,42.5,50,0
473,Mamoswine,ice,ground,4,130,70,80,60,80,110,2.5,291,50,0
474,Porygon-Z,normal,,4,80,135,70,75,90,85,0.9,34,,0
475,Gallade,psychic,fighting,4,165,65,95,115,110,68,1.6,52,100,0
476,Probopass,rock,steel,4,55,75,145,150,40,60,1.4,340,50,0
477,Dusknoir,ghost,,4,100,65,135,135,45,45,2.2,106.6,50,0
478,Froslass,ice,ghost,4,80,80,70,70,110,70,1.3,26.6,0,0
479,Rotom,electric,ghost,4,65,105,107,107,86,50,0.3,0.3,,0
480,Uxie,psychic,,4,75,75,130,130,95,75,0.3,0.3,,1
481,Mesprit,psychic,,4,105,105,105,105,80,80,0.3,0.3,,1
482,Azelf,psychic,,4,125,125,70,70,115,75,0.3,0.3,,1
483,Dialga,steel,dragon,4,120,150,120,100,90,100,5.4,683,,1
484,Palkia,water,dragon,4,120,150,100,120,100,90,4.2,336,,1
485,Heatran,fire,steel,4,90,130,106,106,77,91,1.7,430,50,1
486,Regigigas,normal,,4,160,80,110,110,100,110,3.7,420,,1
487,Giratina,ghost,dragon,4,120,120,100,100,90,150,4.5,750,,1
488,Cresselia,psychic,,4,70,75,120,130,85,120,1.5,85.6,0,1
489,Phione,water,,4,80,80,80,80,80,80,0.4,3.1,,0
490,Manaphy,water,,4,100,100,100,100,100,100,0.3,1.4,,1
491,Darkrai,dark,,4,90,135,90,90,125,70,1.5,50.5,,1
492,Shaymin,grass,grass,4,103,120,75,75,127,100,0.2,2.1,,1
493,Arceus,normal,,4,120,120,120,120,120,120,3.2,320,,1
494,Victini,psychic,fire,5,100,100,100,100,100,100,0.4,4,,1
495,Snivy,grass,,5,45,45,55,55,63,45,0.6,8.1,88.1,0
496,Servine,grass,,5,60,60,75,75,83,60,0.8,16,88.1,0
497,Serperior,grass,,5,75,75,95,95,113,75,3.3,63,88.1,0
498,Tepig,fire,,5,63,45,45,45,45,65,0.5,9.9,88.1,0
499,Pignite,fire,fighting,5,93,70,55,55,55,90,1,55.5,88.1,0
500,Emboar,fire,fighting,5,123,100,65,65,65,110,1.6,150,88.1,0
501,Oshawott,water,,5,55,63,45,45,45,55,0.5,5.9,88.1,0
502,Dewott,water,,5,75,83,60,60,60,75,0.8,24.5,88.1,0
503,Samurott,water,,5,100,108,85,70,70,95,1.5,94.6,88.1,0
504,Patrat,normal,,5,55,35,39,39,42,45,0.5,11.6,50,0
505,Watchog,normal,,5,85,60,69,69,77,60,1.1,27,50,0
506,Lillipup,normal,,5,60,25,45,45,55,45,0.4,4.1,50,0
507,Herdier,normal,,5,80,35,65,65,60,65,0.9,14.7,50,0
508,Stoutland,normal,,5,110,45,90,90,80,85,1.2,61,50,0
509,Purrloin,dark,,5,50,50,37,37,66,41,0.4,10.1,50,0
510,Liepard,dark,,5,88,88,50,50,106,64,1.1,37.5,50,0
511,Pansage,grass,,5,53,53,48,48,64,50,0.6,10.5,88.1,0
512,Simisage,grass,,5,98,98,63,63,101,75,1.1,30.5,88.1,0
513,Pansear,fire,,5,53,53,48,48,64,50,0.6,11,88.1,0
514,Simisear,fire,,5,98,98,63,63,101,75,1,28,88.1,0
515,Panpour,water,,5,53,53,48,48,64,50,0.6,13.5,88.1,0
516,Simipour,water,,5,98,98,63,63,101,75,1,29,88.1,0
517,Munna,psychic,,5,25,67,45,55,24,76,0.6,23.3,50,0
518,Musharna,psychic,,5,55,107,85,95,29,116,1.1,60.5,50,0
519,Pidove,normal,flying,5,55,36,50,30,43,50,0.3,2.1,50,0
520,Tranquill,normal,flying,5,77,50,62,42,65,62,0.6,15,50,0
521,Unfezant,normal,flying,5,115,65,80,55,93,80,1.2,29,50,0
522,Blitzle,electric,,5,60,50,32,32,76,45,0.8,29.8,50,0
523,Zebstrika,electric,,5,100,80,63,63,116,75,1.6,79.5,50,0
524,Roggenrola,rock,,5,75,25,85,25,15,55,0.4,18,50,0
525,Boldore,rock,,5,105,50,105,40,20,70,0.9,102,50,0
526,Gigalith,rock,,5,135,60,130,80,25,85,1.7,260,50,0
527,Woobat,psychic,flying,5,45,55,43,43,72,65,0.4,2.1,50,0
528,Swoobat,psychic,flying,5,57,77,55,55,114,67,0.9,10.5,50,0
529,Drilbur,ground,,5,85,30,40,45,68,60,0.3,8.5,50,0
530,Excadrill,ground,steel,5,135,50,60,65,88,110,0.7,40.4,50,0
531,Audino,normal,,5,60,80,126,126,50,103,1.1,31,50,0
532,Timburr,fighting,,5,80,25,55,35,35,75,0.6,12.5,75.4,0
533,Gurdurr,fighting,,5,105,40,85,50,40,85,1.2,40,75.4,0
534,Conkeldurr,fighting,,5,140,55,95,65,45,105,1.4,87,75.4,0
535,Tympole,water,,5,50,50,40,40,64,50,0.5,4.5,50,0
536,Palpitoad,water,ground,5,65,65,55,55,69,75,0.8,17,50,0
537,Seismitoad,water,ground,5,95,85,75,75,74,105,1.5,62,50,0
538,Throh,fighting,,5,100,30,85,85,45,120,1.3,55.5,100,0
539,Sawk,fighting,,5,125,30,75,75,85,75,1.4,51,100,0
540,Sewaddle,bug,grass,5,53,40,70,60,42,45,0.3,2.5,50,0
541,Swadloon,bug,grass,5,63,50,90,80,42,55,0.5,7.3,50,0
542,Leavanny,bug,grass,5,103,70,80,80,92,75,1.2,20.5,50,0
543,Venipede,bug,poison,5,45,30,59,39,57,30,0.4,5.3,50,0
544,Whirlipede,bug,poison,5,55,40,99,79,47,40,1.2,58.5,50,0
545,Scolipede,bug,poison,5,100,55,89,69,112,60,2.5,200.5,50,0
546,Cottonee,grass,fairy,5,27,37,60,50,66,40,0.3,0.6,50,0
547,Whimsicott,grass,fairy,5,67,77,85,75,116,60,0.7,6.6,50,0
548,Petilil,grass,,5,35,70,50,50,30,45,0.5,6.6,0,0
549,Lilligant,grass,,5,60,110,75,75,90,70,1.1,16.3,0,0
550,Basculin,water,,5,92,80,65,55,98,70,1,18,50,0
551,Sandile,ground,dark,5,72,35,35,35,65,50,0.7,15.2,50,0
552,Krokorok,ground,dark,5,82,45,45,45,74,60,1,33.4,50,0
553,Krookodile,ground,dark,5,117,65,80,70,92,95,1.5,96.3,50,0
554,Darumaka,fire,,5,90,15,45,45,50,70,0.6,37.5,50,0
555,Darmanitan,fire,fire,5,30,140,105,105,55,105,1.3,92.9,50,0
556,Maractus,grass,,5,86,106,67,67,60,75,1,28,50,0
557,Dwebble,bug,rock,5,65,35,85,35,55,50,0.3,14.5,50,0
558,Crustle,bug,rock,5,105,65,125,75,45,70,1.4,200,50,0
559,Scraggy,dark,fighting,5,75,35,70,70,48,50,0.6,11.8,50,0
560,Scrafty,dark,fighting,5,90,45,115,115,58,65,1.1,30,50,0
561,Sigilyph,psychic,flying,5,58,103,80,80,97,72,1.4,14,50,0
562,Yamask,ghost,,5,30,55,85,65,30,38,0.5,1.5,50,0
563,Cofagrigus,ghost,,5,50,95,145,105,30,58,1.7,76.5,50,0
564,Tirtouga,water,rock,5,78,53,103,45,22,54,0.7,16.5,88.1,0
565,Carracosta,water,rock,5,108,83,133,65,32,74,1.2,81,88.1,0
566,Archen,rock,flying,5,112,74,45,45,70,55,0.5,9.5,88.1,0
567,Archeops,rock,flying,5,140,112,65,65,110,75,1.4,32,88.1,0
568,Trubbish,poison,,5,50,40,62,62,65,50,0.6,31,50,0
569,Garbodor,poison,,5,95,60,82,82,75,80,1.9,107.3,50,0
570,Zorua,dark,,5,65,80,40,40,65,40,0.7,12.5,88.1,0
571,Zoroark,dark,,5,105,120,60,60,105,60,1.6,81.1,88.1,0
572,Minccino,normal,,5,50,40,40,40,75,55,0.4,5.8,24.6,0
573,Cinccino,normal,,5,95,65,60,60,115,75,0.5,7.5,24.6,0
574,Gothita,psychic,,5,30,55,50,65,45,45,0.4,5.8,24.6,0
575,Gothorita,psychic,,5,45,75,70,85,55,60,0.7,18,24.6,0
576,Gothitelle,psychic,,5,55,95,95,110,65,70,1.5,44,24.6,0
577,Solosis,psychic,,5,30,105,40,50,20,45,0.3,1,50,0
578,Duosion,psychic,,5,40,125,50,60,30,65,0.6,8,50,0
579,Reuniclus,psychic,,5,65,125,75,85,30,110,1,20.1,50,0
580,Ducklett,water,flying,5,44,44,50,50,55,62,0.5,5.5,50,0
581,Swanna,water,flying,5,87,87,63,63,98,75,1.3,24.2,50,0
582,Vanillite,ice,,5,50,65,50,60,44,36,0.4,5.7,50,0
583,Vanillish,ice,,5,65,80,65,75,59,51,1.1,41,50,0
584,Vanilluxe,ice,,5,95,110,85,95,79,71,1.3,57.5,50,0
585,Deerling,normal,grass,5,60,40,50,50,75,60,0.6,19.5,50,0
586,Sawsbuck,normal,grass,5,100,60,70,70,95,80,1.9,92.5,50,0
587,Emolga,electric,flying,5,75,75,60,60,103,55,0.4,5,50,0
588,Karrablast,bug,,5,75,40,45,45,60,50,0.5,5.9,50,0
589,Escavalier,bug,steel,5,135,60,105,105,20,70,1,33,50,0
590,Foongus,grass,poison,5,55,55,45,55,15,69,0.2,1,50,0
591,Amoonguss,grass,poison,5,85,85,70,80,30,114,0.6,10.5,50,0
592,Frillish,water,ghost,5,40,65,50,85,40,55,1.2,33,50,0
593,Jellicent,water,ghost,5,60,85,70,105,60,100,2.2,135,50,0
594,Alomomola,water,,5,75,40,80,45,65,165,1.2,31.6,50,0
595,Joltik,bug,electric,5,47,57,50,50,65,50,0.1,0.6,50,0
596,Galvantula,bug,electric,5,77,97,60,60,108,70,0.8,14.3,50,0
597,Ferroseed,grass,steel,5,50,24,91,86,10,44,0.6,18.8,50,0
598,Ferrothorn,grass,steel,5,94,54,131,116,20,74,1,110,50,0
599,Klink,steel,,5,55,45,70,60,30,40,0.3,21,,0
600,Klang,steel,,5,80,70,95,85,50,60,0.6,51,,0
601,Klinklang,steel,,5,100,70,115,85,90,60,0.6,81,,0
602,Tynamo,electric,,5,55,45,40,40,60,35,0.2,0.3,50,0
603,Eelektrik,electric,,5,85,75,70,70,40,65,1.2,22,50,0
604,Eelektross,electric,,5,115,105,80,80,50,85,2.1,80.5,50,0
605,Elgyem,psychic,,5,55,85,55,55,30,55,0.5,9,50,0
606,Beheeyem,psychic,,5,75,125,75,95,40,75,1,34.5,50,0
607,Litwick,ghost,fire,5,30,65,55,55,20,50,0.3,3.1,50,0
608,Lampent,ghost,fire,5,40,95,60,60,55,60,0.6,13,50,0
609,Chandelure,ghost,fire,5,55,145,90,90,80,60,1,34.3,50,0
610,Axew,dragon,,5,87,30,60,40,57,46,0.6,18,50,0
611,Fraxure,dragon,,5,117,40,70,50,67,66,1,36,50,0
612,Haxorus,dragon,,5,147,60,90,70,97,76,1.8,105.5,50,0
613,Cubchoo,ice,,5,70,60,40,40,40,55,0.5,8.5,50,0
614,Beartic,ice,,5,130,70,80,80,50,95,2.6,260,50,0
615,Cryogonal,ice,,5,50,95,50,135,105,80,1.1,148,,0
616,Shelmet,bug,,5,40,40,85,65,25,50,0.4,7.7,50,0
617,Accelgor,bug,,5,70,100,40,60,145,80,0.8,25.3,50,0
618,Stunfisk,ground,electric,5,66,81,84,99,32,109,0.7,11,50,0
619,Mienfoo,fighting,,5,85,55,50,50,65,45,0.9,20,50,0
620,Mienshao,fighting,,5,125,95,60,60,105,65,1.4,35.5,50,0
621,Druddigon,dragon,,5,120,60,90,90,48,77,1.6,139,50,0
622,Golett,ground,ghost,5,74,35,50,50,35,59,1,92,,0
623,Golurk,ground,ghost,5,124,55,80,80,55,89,2.8,330,,0
624,Pawniard,dark,steel,5,85,40,70,40,60,45,0.5,10.2,50,0
625,Bisharp,dark,steel,5,125,60,100,70,70,65,1.6,70,50,0
626,Bouffalant,normal,,5,110,40,95,95,55,95,1.6,94.6,50,0
627,Rufflet,normal,flying,5,83,37,50,50,60,70,0.5,10.5,100,0
628,Braviary,normal,flying,5,123,57,75,75,80,100,1.5,41,100,0
629,Vullaby,dark,flying,5,55,45,75,65,60,70,0.5,9,0,0
630,Mandibuzz,dark,flying,5,65,55,105,95,80,110,1.2,39.5,0,0
631,Heatmor,fire,,5,97,105,66,66,65,85,1.4,58,50,0
632,Durant,bug,steel,5,109,48,112,48,109,58,0.3,33,50,0
633,Deino,dark,dragon,5,65,45,50,50,38,52,0.8,17.3,50,0
634,Zweilous,dark,dragon,5,85,65,70,70,58,72,1.4,50,50,0
635,Hydreigon,dark,dragon,5,105,125,90,90,98,92,1.8,160,50,0
636,Larvesta,bug,fire,5,85,50,55,55,60,55,1.1,28.8,50,0
637,Volcarona,bug,fire,5,60,135,65,105,100,85,1.6,46,50,0
638,Cobalion,steel,fighting,5,90,90,129,72,108,91,2.1,250,,1
639,Terrakion,rock,fighting,5,129,72,90,90,108,91,1.9,260,,1
640,Virizion,grass,fighting,5,90,90,72,129,108,91,2,200,,1
641,Tornadus,flying,,5,100,110,80,90,121,79,1.5,63,100,1
642,Thundurus,electric,flying,5,105,145,70,80,101,79,1.5,61,100,1
643,Reshiram,dragon,fire,5,120,150,100,120,90,100,3.2,330,,1
644,Zekrom,dragon,electric,5,150,120,120,100,90,100,2.9,345,,1
645,Landorus,ground,flying,5,145,105,90,80,91,89,1.5,68,100,1
646,Kyurem,dragon,ice,5,120,170,90,100,95,125,3,325,,1
647,Keldeo,water,fighting,5,72,129,90,90,108,91,1.4,48.5,,1
648,Meloetta,normal,psychic,5,128,77,90,77,128,100,0.6,6.5,,1
649,Genesect,bug,steel,5,120,120,95,95,99,71,1.5,82.5,,1
650,Chespin,grass,,6,61,48,65,45,38,56,0.4,9,88.1,0
651,Quilladin,grass,,6,78,56,95,58,57,61,0.7,29,88.1,0
652,Chesnaught,grass,fighting,6,107,74,122,75,64,88,1.6,90,88.1,0
653,Fennekin,fire,,6,45,62,40,60,60,40,0.4,9.4,88.1,0
654,Braixen,fire,,6,59,90,58,70,73,59,1,14.5,88.1,0
655,Delphox,fire,psychic,6,69,114,72,100,104,75,1.5,39,88.1,0
656,Froakie,water,,6,56,62,40,44,71,41,0.3,7,88.1,0
657,Frogadier,water,,6,63,83,52,56,97,54,0.6,10.9,88.1,0
658,Greninja,water,dark,6,145,153,67,71,132,72,1.5,40,88.1,0
659,Bunnelby,normal,,6,36,32,38,36,57,38,0.4,5,50,0
660,Diggersby,normal,ground,6,56,50,77,77,78,85,1,42.4,50,0
661,Fletchling,normal,flying,6,50,40,43,38,62,45,0.3,1.7,50,0
662,Fletchinder,fire,flying,6,73,56,55,52,84,62,0.7,16,50,0
663,Talonflame,fire,flying,6,81,74,71,69,126,78,1.2,24.5,50,0
664,Scatterbug,bug,,6,35,27,40,25,35,38,0.3,2.5,50,0
665,Spewpa,bug,,6,22,27,60,30,29,45,0.3,8.4,50,0
666,Vivillon,bug,flying,6,52,90,50,50,89,80,1.2,17,50,0
667,Litleo,fire,normal,6,50,73,58,54,72,62,0.6,13.5,11.2,0
668,Pyroar,fire,normal,6,68,109,72,66,106,86,1.5,81.5,11.2,0
669,Flabébé,fairy,,6,38,61,39,79,42,44,0.1,0.1,0,0
670,Floette,fairy,,6,65,125,67,128,92,74,0.2,0.9,0,0
671,Florges,fairy,,6,65,112,68,154,75,78,1.1,10,0,0
672,Skiddo,grass,,6,65,62,48,57,52,66,0.9,31,50,0
673,Gogoat,grass,,6,100,97,62,81,68,123,1.7,91,50,0
674,Pancham,fighting,,6,82,46,62,48,43,67,0.6,8,50,0
675,Pangoro,fighting,dark,6,124,69,78,71,58,95,2.1,136,50,0
676,Furfrou,normal,,6,80,65,60,90,102,75,1.2,28,50,0
677,Espurr,psychic,,6,48,63,54,60,68,62,0.3,3.5,50,0
678,Meowstic,psychic,,6,48,83,76,81,104,74,0.6,8.5,50,0
679,Honedge,steel,ghost,6,80,35,100,37,28,45,0.8,2,50,0
680,Doublade,steel,ghost,6,110,45,150,49,35,59,0.8,4.5,50,0
681,Aegislash,steel,ghost,6,150,150,50,50,60,60,1.7,53,50,0
682,Spritzee,fairy,,6,52,63,60,65,23,78,0.2,0.5,50,0
683,Aromatisse,fairy,,6,72,99,72,89,29,101,0.8,15.5,50,0
684,Swirlix,fairy,,6,48,59,66,57,49,62,0.4,3.5,50,0
685,Slurpuff,fairy,,6,80,85,86,75,72,82,0.8,5,50,0
686,Inkay,dark,psychic,6,54,37,53,46,45,53,0.4,3.5,50,0
687,Malamar,dark,psychic,6,92,68,88,75,73,86,1.5,47,50,0
688,Binacle,rock,water,6,52,39,67,56,50,42,0.5,31,50,0
689,Barbaracle,rock,water,6,105,54,115,86,68,72,1.3,96,50,0
690,Skrelp,poison,water,6,60,60,60,60,30,50,0.5,7.3,50,0
691,Dragalge,poison,dragon,6,75,97,90,123,44,65,1.8,81.5,50,0
692,Clauncher,water,,6,53,58,62,63,44,50,0.5,8.3,50,0
693,Clawitzer,water,,6,73,120,88,89,59,71,1.3,35.3,50,0
694,Helioptile,electric,normal,6,38,61,33,43,70,44,0.5,6,50,0
695,Heliolisk,electric,normal,6,55,109,52,94,109,62,1,21,50,0
696,Tyrunt,rock,dragon,6,89,45,77,45,48,58,0.8,26,88.1,0
697,Tyrantrum,rock,dragon,6,121,69,119,59,71,82,2.5,270,88.1,0
698,Amaura,rock,ice,6,59,67,50,63,46,77,1.3,25.2,88.1,0
699,Aurorus,rock,ice,6,77,99,72,92,58,123,2.7,225,88.1,0
700,Sylveon,fairy,,6,65,110,65,130,60,95,1,23.5,88.1,0
701,Hawlucha,fighting,flying,6,92,74,75,63,118,78,0.8,21.5,50,0
702,Dedenne,electric,fairy,6,58,81,57,67,101,67,0.2,2.2,50,0
703,Carbink,rock,fairy,6,50,50,150,150,50,50,0.3,5.7,,0
704,Goomy,dragon,,6,50,55,35,75,40,45,0.3,2.8,50,0
705,Sliggoo,dragon,,6,75,83,53,113,60,68,0.8,17.5,50,0
706,Goodra,dragon,,6,100,110,70,150,80,90,2,150.5,50,0
707,Klefki,steel,fairy,6,80,80,91,87,75,57,0.2,3,50,0
708,Phantump,ghost,grass,6,70,50,48,60,38,43,0.4,7,50,0
709,Trevenant,ghost,grass,6,110,65,76,82,56,85,1.5,71,50,0
710,Pumpkaboo,ghost,grass,6,66,44,70,55,41,59,0.8,15,50,0
711,Gourgeist,ghost,grass,6,100,58,122,75,54,85,1.7,39,50,0
712,Bergmite,ice,,6,69,32,85,35,28,55,1,99.5,50,0
713,Avalugg,ice,,6,117,44,184,46,28,95,2,505,50,0
714,Noibat,flying,dragon,6,30,45,35,40,55,40,0.5,8,50,0
715,Noivern,flying,dragon,6,70,97,80,80,123,85,1.5,85,50,0
716,Xerneas,fairy,,6,131,131,95,98,99,126,3,215,,1
717,Yveltal,dark,flying,6,131,131,95,98,99,126,5.8,203,,1
718,Zygarde,dragon,ground,6,100,91,121,95,85,216,5,284.6,,1
719,Diancie,rock,fairy,6,160,160,110,110,110,50,0.7,8.8,,1
720,Hoopa,psychic,ghost,6,160,170,60,130,80,80,,,,1
721,Volcanion,fire,water,6,110,130,120,90,70,80,1.7,195,,1
722,Rowlet,grass,flying,7,55,50,55,50,42,68,0.3,1.5,88.1,0
723,Dartrix,grass,flying,7,75,70,75,70,52,78,0.7,16,88.1,0
724,Decidueye,grass,ghost,7,107,100,75,100,70,78,1.6,36.6,88.1,0
725,Litten,fire,,7,65,60,40,40,70,45,0.4,4.3,88.1,0
726,Torracat,fire,,7,85,80,50,50,90,65,0.7,25,88.1,0
727,Incineroar,fire,dark,7,115,80,90,90,60,95,1.8,83,88.1,0
728,Popplio,water,,7,54,66,54,56,40,50,0.4,7.5,88.1,0
729,Brionne,water,,7,69,91,69,81,50,60,0.6,17.5,88.1,0
730,Primarina,water,fairy,7,74,126,74,116,60,80,1.8,44,88.1,0
731,Pikipek,normal,flying,7,75,30,30,30,65,35,0.3,1.2,50,0
732,Trumbeak,normal,flying,7,85,40,50,50,75,55,0.6,14.8,50,0
733,Toucannon,normal,flying,7,120,75,75,75,60,80,1.1,26,50,0
734,Yungoos,normal,,7,70,30,30,30,45,48,0.4,6,50,0
735,Gumshoos,normal,,7,110,55,60,60,45,88,0.7,14.2,50,0
736,Grubbin,bug,,7,62,55,45,45,46,47,0.4,4.4,50,0
737,Charjabug,bug,electric,7,82,55,95,75,36,57,0.5,10.5,50,0
738,Vikavolt,bug,electric,7,70,145,90,75,43,77,1.5,45,50,0
739,Crabrawler,fighting,,7,82,42,57,47,63,47,0.6,7,50,0
740,Crabominable,fighting,ice,7,132,62,77,67,43,97,1.7,180,50,0
741,Oricorio,fire,flying,7,70,98,70,70,93,75,0.6,3.4,24.6,0
742,Cutiefly,bug,fairy,7,45,55,40,40,84,40,0.1,0.2,50,0
743,Ribombee,bug,fairy,7,55,95,60,70,124,60,0.2,0.5,50,0
744,Rockruff,rock,,7,65,30,40,40,60,45,0.5,9.2,50,0
745,Lycanroc,rock,,7,115,55,75,75,82,85,,,50,0
746,Wishiwashi,water,,7,140,140,130,135,30,45,0.2,0.3,50,0
747,Mareanie,poison,water,7,53,43,62,52,45,50,0.4,8,50,0
748,Toxapex,poison,water,7,63,53,152,142,35,50,0.7,14.5,50,0
749,Mudbray,ground,,7,100,45,70,55,45,70,1,110,50,0
750,Mudsdale,ground,,7,125,55,100,85,35,100,2.5,920,50,0
751,Dewpider,water,bug,7,40,40,52,72,27,38,0.3,4,50,0
752,Araquanid,water,bug,7,70,50,92,132,42,68,1.8,82,50,0
753,Fomantis,grass,,7,55,50,35,35,35,40,0.3,1.5,50,0
754,Lurantis,grass,,7,105,80,90,90,45,70,0.9,18.5,50,0
755,Morelull,grass,fairy,7,35,65,55,75,15,40,0.2,1.5,50,0
756,Shiinotic,grass,fairy,7,45,90,80,100,30,60,1,11.5,50,0
757,Salandit,poison,fire,7,44,71,40,40,77,48,0.6,4.8,88.1,0
758,Salazzle,poison,fire,7,64,111,60,60,117,68,1.2,22.2,0,0
759,Stufful,normal,fighting,7,75,45,50,50,50,70,0.5,6.8,50,0
760,Bewear,normal,fighting,7,125,55,80,60,60,120,2.1,135,50,0
761,Bounsweet,grass,,7,30,30,38,38,32,42,0.3,3.2,0,0
762,Steenee,grass,,7,40,40,48,48,62,52,0.7,8.2,0,0
763,Tsareena,grass,,7,120,50,98,98,72,72,1.2,21.4,0,0
764,Comfey,fairy,,7,52,82,90,110,100,51,0.1,0.3,24.6,0
765,Oranguru,normal,psychic,7,60,90,80,110,60,90,1.5,76,50,0
766,Passimian,fighting,,7,120,40,90,60,80,100,2,82.8,50,0
767,Wimpod,bug,water,7,35,20,40,30,80,25,0.5,12,50,0
768,Golisopod,bug,water,7,125,60,140,90,40,75,2,108,50,0
769,Sandygast,ghost,ground,7,55,70,80,45,15,55,0.5,70,50,0
770,Palossand,ghost,ground,7,75,100,110,75,35,85,1.3,250,50,0
771,Pyukumuku,water,,7,60,30,130,130,5,55,0.3,1.2,50,0
772,Type: Null,normal,,7,95,95,95,95,59,95,1.9,120.5,,0
773,Silvally,normal,,7,95,95,95,95,95,95,2.3,100.5,,0
774,Minior,rock,flying,7,100,100,60,60,120,60,0.3,40,,0
775,Komala,normal,,7,115,75,65,95,65,65,0.4,19.9,50,0
776,Turtonator,fire,dragon,7,78,91,135,85,36,60,2,212,50,0
777,Togedemaru,electric,steel,7,98,40,63,73,96,65,0.3,3.3,50,0
778,Mimikyu,ghost,fairy,7,90,50,80,105,96,55,0.2,0.7,50,0
779,Bruxish,water,psychic,7,105,70,70,70,92,68,0.9,19,50,0
780,Drampa,normal,dragon,7,60,135,85,91,36,78,3,185,50,0
781,Dhelmise,ghost,grass,7,131,86,100,90,40,70,3.9,210,,0
782,Jangmo-o,dragon,,7,55,45,65,45,45,45,0.6,29.7,50,0
783,Hakamo-o,dragon,fighting,7,75,65,90,70,65,55,1.2,47,50,0
784,Kommo-o,dragon,fighting,7,110,100,125,105,85,75,1.6,78.2,50,0
785,Tapu Koko,electric,fairy,7,115,95,85,75,130,70,1.8,20.5,,1
786,Tapu Lele,psychic,fairy,7,85,130,75,115,95,70,1.2,18.6,,1
787,Tapu Bulu,grass,fairy,7,130,85,115,95,75,70,1.9,45.5,,1
788,Tapu Fini,water,fairy,7,75,95,115,130,85,70,1.3,21.2,,1
789,Cosmog,psychic,,7,29,29,31,31,37,43,0.2,0.1,,1
790,Cosmoem,psychic,,7,29,29,131,131,37,43,0.1,999.9,,1
791,Solgaleo,psychic,steel,7,137,113,107,89,97,137,3.4,230,,1
792,Lunala,psychic,ghost,7,113,137,89,107,97,137,4,120,,1
793,Nihilego,rock,poison,7,53,127,47,131,103,109,1.2,55.5,,1
794,Buzzwole,bug,fighting,7,139,53,139,53,79,107,2.4,333.6,,1
795,Pheromosa,bug,fighting,7,137,137,37,37,151,71,1.8,25,,1
796,Xurkitree,electric,,7,89,173,71,71,83,83,3.8,100,,1
797,Celesteela,steel,flying,7,101,107,103,101,61,97,9.2,999.9,,1
798,Kartana,grass,steel,7,181,59,131,31,109,59,0.3,0.1,,1
799,Guzzlord,dark,dragon,7,101,97,53,53,43,223,5.5,888,,1
800,Necrozma,psychic,,7,107,127,101,89,79,97,2.4,230,,1
801,Magearna,steel,fairy,7,95,130,115,115,65,80,1,80.5,,1
